Change, Chromosome, Minimum, Maximum, Reason Discarded
G -> A, 1, 1692042, 1692042, SNP in common
G -> A, 1, 1769370, 1769370, SNP in common
T -> C, 1, 1788868, 1788868, SNP in common
C -> T, 1, 1842323, 1842323, SNP in common
G -> T, 1, 1767129, 1767129, SNP in common
A -> G, 1, 1691220, 1691220, SNP in common
G -> C, 1, 1762802, 1762802, SNP in common
T -> C, 1, 1784033, 1784033, SNP in common
T -> C, 1, 1788864, 1788864, SNP in common
G -> A, 1, 1629196, 1629196, SNP in common
G -> C, 1, 1691363, 1691363, SNP in common
T -> C, 1, 1762188, 1762188, SNP in common
G -> A, 1, 1788796, 1788796, SNP in common
C -> T, 1, 1842355, 1842355, SNP in common
T -> G, 1, 1842326, 1842326, SNP in common
A -> G, 1, 2282973, 2282973, SNP in common
A -> G, 1, 1759492, 1759492, SNP in common
T -> G, 1, 1689642, 1689642, SNP in common
G -> T, 1, 1691265, 1691265, SNP in common
A -> G, 1, 1767046, 1767046, SNP in common
A -> T, 1, 1842427, 1842427, SNP in common
G -> C, 1, 2106011, 2106011, SNP in common
C -> T, 1, 2871378, 2871378, SNP in common
A -> T, 1, 1691390, 1691390, SNP in common
T -> C, 1, 113883, 113883, SNP in common
T -> C, 1, 1788755, 1788755, SNP in common
A -> C, 1, 115511, 115511, SNP in common
A -> G, 1, 1767042, 1767042, SNP in common
G -> T, 1, 1842485, 1842485, SNP in common
T -> C, 1, 2286469, 2286469, SNP in common
C -> T, 1, 1629091, 1629091, SNP in common
A -> G, 1, 1762827, 1762827, SNP in common
A -> G, 1, 1764021, 1764021, SNP in common
G -> T, 1, 1842388, 1842388, SNP in common
G -> C, 1, 1759501, 1759501, SNP in common
T -> C, 1, 1783348, 1783348, SNP in common
G -> A, 1, 1692020, 1692020, SNP in common
C -> T, 1, 1767114, 1767114, SNP in common
T -> C, 1, 1781005, 1781005, SNP in common
A -> G, 1, 1842384, 1842384, SNP in common
T -> A, 1, 113855, 113855, SNP in common
C -> T, 1, 1691253, 1691253, SNP in common
C -> T, 1, 1629254, 1629254, SNP in common
T -> A, 1, 129018, 129018, SNP in common
C -> T, 1, 1691852, 1691852, SNP in common
T -> C, 1, 2286546, 2286546, SNP in common
C -> T, 1, 1691234, 1691234, SNP in common
T -> C, 1, 1780320, 1780320, SNP in common
C -> T, 1, 1629118, 1629118, SNP in common
A -> G, 1, 2283050, 2283050, SNP in common
G -> T, 1, 2490523, 2490523, SNP in common
G -> A, 1, 1585819, 1585819, SNP in common
C -> A, 1, 1780518, 1780518, SNP in common
G -> A, 1, 125490, 125490, SNP in common
A -> C, 1, 125491, 125491, SNP in common
A -> T, 1, 1780504, 1780504, SNP in common
C -> T, 1, 1780505, 1780505, SNP in common
T -> A, 1, 1780512, 1780512, SNP in common
A -> G, 1, 2875518, 2875518, SNP in common
A -> T, 1, 1786550, 1786550, SNP in common
C -> T, 1, 1786551, 1786551, SNP in common
T -> A, 1, 1786558, 1786558, SNP in common
A -> G, 1, 125497, 125497, SNP in common
T -> A, 1, 125494, 125494, SNP in common
T -> A, 1, 1783540, 1783540, below 80%
C -> A, 1, 1783546, 1783546, below 80%
C -> A, 1, 1786564, 1786564, below 80%
C -> T, 1, 1783533, 1783533, below 80%
G -> T, 1, 125499, 125499, below 80%
C -> T, 1, 1629296, 1629296, below 80%
T -> A, 1, 1629299, 1629299, below 80%
A -> C, 1, 1629285, 1629285, below 80%
T -> C, 1, 1629286, 1629286, below 80%
T -> C, 1, 1629289, 1629289, below 80%
A -> T, 1, 1783532, 1783532, below 80%
T -> C, 1, 1629340, 1629340, below 80%
A -> C, 1, 1629339, 1629339, below 80%
T -> C, 1, 1629343, 1629343, below 80%
G -> A, 1, 1761784, 1761784, below 80%
C -> T, 1, 1629350, 1629350, below 80%
C -> T, 1, 125508, 125508, below 80%
C -> G, 1, 125517, 125517, below 80%
G -> A, 1, 125514, 125514, below 80%
A -> G, 1, 128502, 128502, below 80%
G -> A, 1, 125523, 125523, below 80%
G -> A, 1, 1770289, 1770289, below 80%
C -> A, 1, 117631, 117631, below 80%
C -> T, 1, 2286672, 2286672, below 80%
T -> C, 1, 1672193, 1672193, below 80%
G -> A, 1, 1761823, 1761823, below 80%
A -> T, 1, 1789572, 1789572, below 80%
G -> A, 1, 2286999, 2286999, below 80%
G -> A, 1, 1778266, 1778266, below 80%
C -> T, 1, 2282520, 2282520, below 80%
T -> A, 1, 1672208, 1672208, below 80%
A -> G, 1, 1761833, 1761833, below 80%
G -> A, 1, 2282847, 2282847, below 80%
T -> A, 1, 1789580, 1789580, below 80%
T -> A, 1, 1629245, 1629245, below 80%
C -> T, 1, 1789573, 1789573, below 80%
C -> A, 1, 1789586, 1789586, below 80%
A -> G, 1, 1761841, 1761841, below 80%
T -> A, 1, 1771562, 1771562, below 80%
T -> C, 1, 1790915, 1790915, below 80%
A -> G, 1, 1780639, 1780639, below 80%
T -> C, 1, 1770891, 1770891, below 80%
A -> G, 1, 125158, 125158, below 80%
G -> A, 1, 1770887, 1770887, below 80%
T -> C, 1, 1769224, 1769224, below 80%
A -> T, 1, 1770867, 1770867, below 80%
C -> T, 1, 1629242, 1629242, below 80%
A -> G, 1, 1783667, 1783667, below 80%
G -> A, 1, 1770895, 1770895, below 80%
A -> G, 1, 1786685, 1786685, below 80%
A -> C, 1, 1629393, 1629393, below 80%
A -> T, 1, 1778285, 1778285, below 80%
A -> G, 1, 1765360, 1765360, below 80%
C -> T, 1, 1771581, 1771581, below 80%
C -> T, 1, 3133560, 3133560, below 80%
G -> A, 1, 130605, 130605, below 80%
T -> C, 1, 1629394, 1629394, below 80%
A -> G, 1, 127148, 127148, below 80%
T -> A, 1, 130580, 130580, below 80%
G -> C, 1, 1676470, 1676470, below 80%
T -> G, 1, 130601, 130601, below 80%
T -> C, 1, 1766203, 1766203, below 80%
C -> T, 1, 130587, 130587, below 80%
G -> A, 1, 127212, 127212, below 80%
A -> T, 1, 130556, 130556, below 80%
G -> A, 1, 129354, 129354, below 80%
A -> G, 1, 1762339, 1762339, below 80%
T -> A, 1, 1681308, 1681308, below 80%
C -> T, 1, 127194, 127194, below 80%
T -> C, 1, 1629397, 1629397, below 80%
T -> A, 1, 127187, 127187, below 80%
G -> A, 1, 122285, 122285, below 80%
T -> G, 1, 127208, 127208, below 80%
A -> G, 1, 130541, 130541, below 80%
A -> T, 1, 127163, 127163, below 80%
G -> A, 1, 125961, 125961, below 80%
C -> T, 1, 1791066, 1791066, below 80%
T -> C, 1, 1791056, 1791056, below 80%
T -> C, 1, 3133551, 3133551, below 80%
G -> C, 2, 1558680, 1558680, SNP in common
T -> C, 2, 1564095, 1564095, SNP in common
G -> A, 2, 1558657, 1558657, SNP in common
C -> T, 2, 1564085, 1564085, SNP in common
A -> G, 2, 1566942, 1566942, SNP in common
A -> C, 2, 1564094, 1564094, SNP in common
G -> C, 2, 1358693, 1358693, SNP in common
A -> T, 2, 1558067, 1558067, SNP in common
A -> G, 2, 1568019, 1568019, SNP in common
G -> A, 2, 537596, 537596, SNP in common
A -> G, 2, 1558630, 1558630, SNP in common
G -> C, 2, 1558135, 1558135, SNP in common
G -> T, 2, 1558124, 1558124, SNP in common
T -> C, 2, 1564058, 1564058, SNP in common
A -> G, 2, 1564060, 1564060, SNP in common
A -> C, 2, 43826, 43826, SNP in common
C -> T, 2, 43862, 43862, SNP in common
T -> C, 2, 1539498, 1539498, SNP in common
G -> C, 2, 1558653, 1558653, SNP in common
C -> G, 2, 1566681, 1566681, SNP in common
T -> A, 2, 1557819, 1557819, SNP in common
C -> A, 2, 1564067, 1564067, SNP in common
A -> G, 2, 829243, 829243, SNP in common
T -> G, 2, 1566535, 1566535, SNP in common
A -> T, 2, 1566621, 1566621, below 80%
A -> C, 2, 1566536, 1566536, below 80%
A -> C, 2, 1566537, 1566537, below 80%
C -> T, 2, 43760, 43760, below 80%
C -> T, 2, 1566620, 1566620, below 80%
G -> A, 2, 1566549, 1566549, below 80%
A -> G, 2, 1587081, 1587081, below 80%
A -> T, 2, 1564962, 1564962, below 80%
G -> A, 2, 1556938, 1556938, below 80%
T -> C, 2, 43569, 43569, below 80%
G -> C, 2, 1556927, 1556927, below 80%
G -> C, 2, 1558511, 1558511, below 80%
G -> A, 2, 43685, 43685, below 80%
T -> C, 2, 1556921, 1556921, below 80%
G -> C, 2, 1556920, 1556920, below 80%
T -> C, 2, 43581, 43581, below 80%
A -> T, 2, 1564674, 1564674, below 80%
C -> G, 2, 43584, 43584, below 80%
T -> C, 2, 1556911, 1556911, below 80%
A -> C, 2, 1564749, 1564749, below 80%
C -> T, 2, 1556899, 1556899, below 80%
G -> C, 2, 33, 33, below 80%
T -> G, 2, 34, 34, below 80%
A -> C, 2, 1575856, 1575856, below 80%
C -> T, 2, 1576169, 1576169, below 80%
A -> T, 2, 1576517, 1576517, below 80%
T -> C, 2, 30, 30, below 80%
A -> T, 2, 1564848, 1564848, below 80%
T -> C, 2, 1564773, 1564773, below 80%
C -> A, 2, 1564999, 1564999, below 80%
C -> A, 2, 1564789, 1564789, below 80%
G -> T, 2, 36, 36, below 80%
C -> T, 2, 1572462, 1572462, below 80%
C -> T, 2, 39, 39, below 80%
A -> T, 2, 1587141, 1587141, below 80%
A -> T, 2, 1572455, 1572455, below 80%
T -> C, 2, 1576180, 1576180, below 80%
T -> C, 2, 1564699, 1564699, below 80%
C -> G, 2, 1551903, 1551903, below 80%
C -> A, 2, 1572401, 1572401, below 80%
G -> A, 3, 688426, 688426, SNP in common
G -> C, 3, 1348208, 1348208, SNP in common
T -> G, 3, 12860, 12860, SNP in common
T -> C, 3, 795543, 795543, SNP in common
T -> C, 3, 16021, 16021, SNP in common
G -> A, 3, 1348209, 1348209, SNP in common
T -> A, 3, 1283398, 1283398, SNP in common
G -> C, 3, 1283364, 1283364, SNP in common
C -> T, 3, 1269071, 1269071, SNP in common
A -> C, 3, 657618, 657618, SNP in common
C -> T, 3, 657610, 657610, SNP in common
T -> C, 3, 657621, 657621, SNP in common
G -> T, 3, 657633, 657633, SNP in common
G -> A, 3, 657636, 657636, SNP in common
A -> T, 3, 1302503, 1302503, SNP in common
A -> G, 3, 1302647, 1302647, SNP in common
A -> T, 3, 1293866, 1293866, SNP in common
C -> T, 3, 1302597, 1302597, SNP in common
T -> A, 3, 1301061, 1301061, SNP in common
A -> T, 3, 1268996, 1268996, below 80%
T -> A, 3, 1268993, 1268993, below 80%
C -> T, 3, 1300018, 1300018, below 80%
A -> G, 3, 1301054, 1301054, below 80%
A -> C, 3, 1279564, 1279564, below 80%
A -> C, 3, 1268970, 1268970, below 80%
C -> T, 3, 1271484, 1271484, below 80%
A -> C, 3, 1279996, 1279996, below 80%
C -> T, 3, 1296724, 1296724, below 80%
C -> T, 3, 1279673, 1279673, below 80%
C -> A, 3, 1270106, 1270106, below 80%
A -> T, 3, 1302715, 1302715, below 80%
T -> C, 3, 1302661, 1302661, below 80%
A -> T, 3, 1271833, 1271833, below 80%
C -> T, 3, 1279107, 1279107, below 80%
C -> T, 3, 1303167, 1303167, below 80%
C -> A, 3, 1302634, 1302634, below 80%
A -> T, 3, 1281094, 1281094, below 80%
C -> T, 3, 1297216, 1297216, below 80%
C -> T, 3, 1301043, 1301043, below 80%
A -> C, 3, 1296897, 1296897, below 80%
G -> C, 3, 1297156, 1297156, below 80%
C -> T, 3, 1279118, 1279118, below 80%
A -> G, 3, 1285713, 1285713, below 80%
G -> C, 3, 1271100, 1271100, below 80%
A -> C, 3, 1269016, 1269016, below 80%
A -> C, 3, 1300552, 1300552, below 80%
C -> T, 3, 1297140, 1297140, below 80%
A -> C, 3, 1279036, 1279036, below 80%
T -> C, 3, 1279655, 1279655, below 80%
T -> C, 3, 1279726, 1279726, below 80%
G -> C, 3, 1274382, 1274382, below 80%
C -> T, 3, 1270092, 1270092, below 80%
A -> C, 3, 1300191, 1300191, below 80%
A -> C, 3, 1305758, 1305758, below 80%
C -> T, 3, 1303230, 1303230, below 80%
C -> T, 3, 1305836, 1305836, below 80%
T -> A, 3, 1265660, 1265660, below 80%
A -> T, 3, 1267850, 1267850, below 80%
A -> T, 3, 1285624, 1285624, below 80%
C -> T, 3, 1274277, 1274277, below 80%
A -> C, 3, 1303445, 1303445, below 80%
C -> T, 3, 1270621, 1270621, below 80%
C -> T, 3, 1270181, 1270181, below 80%
C -> T, 3, 1282200, 1282200, below 80%
C -> T, 3, 1283411, 1283411, below 80%
C -> T, 3, 1303239, 1303239, below 80%
T -> C, 3, 1279887, 1279887, below 80%
T -> G, 3, 1271256, 1271256, below 80%
A -> T, 3, 1267838, 1267838, below 80%
T -> A, 3, 1281438, 1281438, below 80%
C -> T, 3, 1302441, 1302441, below 80%
C -> T, 3, 1296818, 1296818, below 80%
G -> A, 3, 660874, 660874, below 80%
C -> T, 3, 1285640, 1285640, below 80%
C -> T, 3, 1297095, 1297095, below 80%
C -> T, 3, 1279700, 1279700, below 80%
A -> C, 3, 1297892, 1297892, below 80%
C -> T, 3, 1264794, 1264794, below 80%
A -> T, 3, 1277274, 1277274, below 80%
T -> C, 3, 1282176, 1282176, below 80%
G -> T, 3, 1271491, 1271491, below 80%
C -> T, 3, 1297855, 1297855, below 80%
C -> T, 3, 1279961, 1279961, below 80%
T -> A, 3, 1281449, 1281449, below 80%
C -> A, 3, 1301059, 1301059, below 80%
C -> T, 3, 1300112, 1300112, below 80%
C -> G, 3, 1281425, 1281425, below 80%
C -> G, 3, 1293907, 1293907, below 80%
A -> T, 3, 1285664, 1285664, below 80%
C -> T, 3, 1300092, 1300092, below 80%
G -> A, 3, 662587, 662587, below 80%
A -> C, 3, 1264920, 1264920, below 80%
C -> A, 3, 1274314, 1274314, below 80%
A -> T, 3, 1279028, 1279028, below 80%
A -> G, 3, 1283425, 1283425, below 80%
T -> A, 3, 1296708, 1296708, below 80%
C -> A, 3, 1303457, 1303457, below 80%
A -> C, 3, 1297132, 1297132, below 80%
T -> A, 3, 1300002, 1300002, below 80%
C -> T, 3, 1296798, 1296798, below 80%
C -> T, 3, 1305856, 1305856, below 80%
C -> T, 3, 1271342, 1271342, below 80%
C -> T, 3, 1267746, 1267746, below 80%
A -> T, 3, 1294304, 1294304, below 80%
T -> A, 3, 1267831, 1267831, below 80%
C -> T, 3, 1294628, 1294628, below 80%
C -> T, 3, 1271362, 1271362, below 80%
A -> T, 3, 1297113, 1297113, below 80%
C -> T, 3, 1279044, 1279044, below 80%
A -> T, 3, 1265348, 1265348, below 80%
A -> T, 3, 1270650, 1270650, below 80%
C -> T, 3, 1303449, 1303449, below 80%
T -> C, 3, 1272830, 1272830, below 80%
C -> T, 3, 1279980, 1279980, below 80%
A -> C, 3, 1687, 1687, below 80%
A -> T, 3, 1296979, 1296979, below 80%
A -> T, 3, 1269125, 1269125, below 80%
C -> T, 3, 1283752, 1283752, below 80%
A -> T, 3, 1265101, 1265101, below 80%
C -> T, 3, 1271149, 1271149, below 80%
A -> T, 3, 1274350, 1274350, below 80%
A -> T, 3, 1271584, 1271584, below 80%
C -> T, 3, 1297385, 1297385, below 80%
T -> A, 3, 1279729, 1279729, below 80%
A -> T, 3, 1269240, 1269240, below 80%
C -> T, 3, 1283036, 1283036, below 80%
G -> C, 3, 1266012, 1266012, below 80%
C -> T, 3, 1270170, 1270170, below 80%
A -> C, 3, 1278134, 1278134, below 80%
C -> T, 3, 1267900, 1267900, below 80%
C -> T, 3, 1305248, 1305248, below 80%
C -> A, 3, 1303159, 1303159, below 80%
C -> T, 3, 1282784, 1282784, below 80%
T -> C, 3, 1265339, 1265339, below 80%
A -> C, 3, 1282921, 1282921, below 80%
A -> G, 3, 1270563, 1270563, below 80%
A -> G, 3, 1275838, 1275838, below 80%
C -> A, 3, 1294644, 1294644, below 80%
C -> T, 3, 1271271, 1271271, below 80%
A -> C, 3, 1278792, 1278792, below 80%
A -> C, 3, 1270095, 1270095, below 80%
C -> T, 3, 1270215, 1270215, below 80%
C -> A, 3, 1283530, 1283530, below 80%
A -> T, 3, 1301209, 1301209, below 80%
A -> T, 3, 1278401, 1278401, below 80%
A -> C, 3, 1271121, 1271121, below 80%
A -> C, 3, 1297773, 1297773, below 80%
T -> A, 3, 1284369, 1284369, below 80%
T -> C, 3, 1282098, 1282098, below 80%
C -> A, 3, 1278365, 1278365, below 80%
C -> T, 3, 1302796, 1302796, below 80%
A -> T, 3, 1283477, 1283477, below 80%
G -> C, 3, 1265459, 1265459, below 80%
C -> T, 3, 1264738, 1264738, below 80%
A -> C, 3, 1293795, 1293795, below 80%
A -> T, 3, 1231774, 1231774, below 80%
C -> T, 3, 1272910, 1272910, below 80%
A -> T, 3, 1274808, 1274808, below 80%
A -> C, 3, 1282966, 1282966, below 80%
C -> A, 3, 1303259, 1303259, below 80%
A -> C, 3, 1297366, 1297366, below 80%
C -> T, 3, 1269943, 1269943, below 80%
C -> T, 3, 1270051, 1270051, below 80%
G -> C, 3, 1277590, 1277590, below 80%
C -> T, 3, 1278820, 1278820, below 80%
C -> T, 3, 1283303, 1283303, below 80%
A -> C, 3, 1297682, 1297682, below 80%
G -> C, 3, 1278433, 1278433, below 80%
A -> G, 3, 1280542, 1280542, below 80%
A -> T, 3, 1305221, 1305221, below 80%
T -> C, 3, 1283348, 1283348, below 80%
C -> T, 3, 1270768, 1270768, below 80%
T -> A, 3, 1270244, 1270244, below 80%
C -> A, 3, 1293874, 1293874, below 80%
A -> C, 3, 1270760, 1270760, below 80%
C -> T, 3, 1281806, 1281806, below 80%
C -> T, 3, 1306082, 1306082, below 80%
C -> T, 3, 1270733, 1270733, below 80%
G -> A, 3, 1675, 1675, below 80%
T -> C, 3, 1285685, 1285685, below 80%
T -> A, 3, 1270059, 1270059, below 80%
T -> A, 3, 1280093, 1280093, below 80%
G -> C, 3, 1265234, 1265234, below 80%
C -> A, 3, 1293919, 1293919, below 80%
C -> T, 3, 1277323, 1277323, below 80%
T -> A, 3, 1296690, 1296690, below 80%
C -> A, 3, 1299653, 1299653, below 80%
G -> A, 3, 1265236, 1265236, below 80%
A -> C, 3, 1267738, 1267738, below 80%
C -> T, 3, 1270125, 1270125, below 80%
A -> C, 3, 1270252, 1270252, below 80%
C -> T, 3, 1283062, 1283062, below 80%
G -> C, 3, 1297752, 1297752, below 80%
C -> T, 3, 1305425, 1305425, below 80%
C -> T, 3, 1280060, 1280060, below 80%
C -> A, 3, 1283340, 1283340, below 80%
G -> A, 3, 1305665, 1305665, below 80%
C -> A, 3, 1296359, 1296359, below 80%
T -> C, 3, 1297260, 1297260, below 80%
A -> C, 3, 1271030, 1271030, below 80%
A -> T, 3, 1271056, 1271056, below 80%
A -> T, 3, 1265237, 1265237, below 80%
C -> T, 3, 1274288, 1274288, below 80%
A -> C, 3, 1283574, 1283574, below 80%
C -> T, 3, 1271038, 1271038, below 80%
T -> A, 3, 1281460, 1281460, below 80%
T -> C, 3, 1280078, 1280078, below 80%
A -> G, 3, 1282253, 1282253, below 80%
T -> C, 3, 1279895, 1279895, below 80%
C -> A, 3, 1270092, 1270092, below 80%
G -> C, 3, 1285299, 1285299, below 80%
A -> T, 3, 1275613, 1275613, below 80%
A -> T, 3, 1278445, 1278445, below 80%
C -> T, 3, 1303123, 1303123, below 80%
T -> A, 3, 1231775, 1231775, below 80%
A -> T, 3, 1293720, 1293720, below 80%
A -> T, 3, 1281790, 1281790, below 80%
A -> T, 3, 1282695, 1282695, below 80%
A -> C, 3, 1300597, 1300597, below 80%
T -> G, 3, 1278990, 1278990, below 80%
T -> A, 3, 1272883, 1272883, below 80%
C -> T, 3, 1283258, 1283258, below 80%
C -> A, 3, 1279737, 1279737, below 80%
A -> C, 3, 1265238, 1265238, below 80%
C -> T, 3, 1293713, 1293713, below 80%
T -> C, 3, 1283322, 1283322, below 80%
T -> A, 3, 1299984, 1299984, below 80%
T -> A, 3, 1270737, 1270737, below 80%
C -> A, 3, 1279782, 1279782, below 80%
C -> T, 3, 1283504, 1283504, below 80%
T -> C, 3, 1297196, 1297196, below 80%
C -> T, 3, 1272239, 1272239, below 80%
A -> T, 3, 1297664, 1297664, below 80%
T -> C, 3, 1280575, 1280575, below 80%
C -> A, 3, 1666, 1666, below 80%
A -> T, 3, 1302536, 1302536, below 80%
C -> A, 3, 1270090, 1270090, below 80%
T -> C, 3, 1296367, 1296367, below 80%
C -> T, 3, 1271511, 1271511, below 80%
T -> C, 3, 1294575, 1294575, below 80%
C -> T, 3, 1277299, 1277299, below 80%
A -> G, 3, 1293930, 1293930, below 80%
C -> A, 3, 1283295, 1283295, below 80%
A -> T, 3, 1276521, 1276521, below 80%
A -> G, 3, 1275561, 1275561, below 80%
T -> C, 3, 1282929, 1282929, below 80%
T -> A, 3, 1265239, 1265239, below 80%
C -> G, 3, 1279898, 1279898, below 80%
T -> C, 3, 1275987, 1275987, below 80%
C -> A, 3, 1275979, 1275979, below 80%
A -> C, 3, 1272891, 1272891, below 80%
C -> T, 3, 1277211, 1277211, below 80%
C -> T, 3, 1300560, 1300560, below 80%
A -> T, 3, 1302453, 1302453, below 80%
T -> C, 3, 1274341, 1274341, below 80%
G -> C, 3, 1270231, 1270231, below 80%
A -> C, 3, 1283485, 1283485, below 80%
T -> G, 3, 1303456, 1303456, below 80%
T -> A, 3, 1271053, 1271053, below 80%
A -> C, 3, 1272343, 1272343, below 80%
T -> C, 3, 1272899, 1272899, below 80%
G -> T, 3, 1298196, 1298196, below 80%
A -> T, 3, 1300228, 1300228, below 80%
A -> T, 3, 1277647, 1277647, below 80%
T -> A, 3, 1305780, 1305780, below 80%
T -> A, 3, 1278112, 1278112, below 80%
T -> C, 3, 1299661, 1299661, below 80%
C -> T, 3, 1279837, 1279837, below 80%
A -> T, 3, 1265242, 1265242, below 80%
C -> T, 3, 1272026, 1272026, below 80%
G -> T, 3, 1276091, 1276091, below 80%
A -> T, 3, 1281778, 1281778, below 80%
C -> A, 3, 1267858, 1267858, below 80%
A -> C, 3, 1282568, 1282568, below 80%
C -> T, 3, 1265622, 1265622, below 80%
A -> T, 3, 1277362, 1277362, below 80%
A -> T, 3, 1278115, 1278115, below 80%
A -> T, 3, 1305795, 1305795, below 80%
A -> C, 3, 1264875, 1264875, below 80%
A -> G, 3, 1279900, 1279900, below 80%
C -> T, 3, 1285193, 1285193, below 80%
A -> T, 3, 1266514, 1266514, below 80%
A -> G, 3, 1277185, 1277185, below 80%
T -> A, 3, 1279901, 1279901, below 80%
C -> T, 3, 1283107, 1283107, below 80%
T -> A, 3, 1265241, 1265241, below 80%
C -> T, 3, 1285349, 1285349, below 80%
C -> T, 3, 1265666, 1265666, below 80%
G -> C, 3, 1271572, 1271572, below 80%
A -> T, 3, 1277351, 1277351, below 80%
C -> T, 3, 1304587, 1304587, below 80%
T -> C, 3, 1264903, 1264903, below 80%
T -> A, 3, 1267181, 1267181, below 80%
C -> A, 3, 1282776, 1282776, below 80%
A -> C, 3, 1285376, 1285376, below 80%
T -> A, 3, 1275971, 1275971, below 80%
A -> G, 3, 1293932, 1293932, below 80%
A -> T, 3, 1300488, 1300488, below 80%
A -> T, 3, 1302419, 1302419, below 80%
T -> G, 3, 1650, 1650, below 80%
G -> C, 3, 1267091, 1267091, below 80%
G -> C, 3, 1281159, 1281159, below 80%
T -> A, 3, 1297268, 1297268, below 80%
A -> T, 4, 80832, 80832, SNP in common
A -> G, 4, 1046247, 1046247, SNP in common
T -> C, 4, 1046251, 1046251, SNP in common
C -> T, 4, 51255, 51255, SNP in common
T -> A, 4, 51502, 51502, SNP in common
T -> C, 4, 40118, 40118, SNP in common
G -> T, 4, 603896, 603896, SNP in common
T -> A, 4, 40090, 40090, SNP in common
A -> T, 4, 1044743, 1044743, SNP in common
T -> C, 4, 84872, 84872, SNP in common
T -> C, 4, 51530, 51530, SNP in common
T -> C, 4, 261619, 261619, SNP in common
A -> T, 4, 55430, 55430, SNP in common
G -> C, 4, 1043277, 1043277, below 80%
A -> G, 4, 90450, 90450, below 80%
T -> A, 4, 1043600, 1043600, below 80%
C -> A, 4, 442214, 442214, below 80%
A -> G, 4, 90483, 90483, below 80%
C -> T, 4, 1042670, 1042670, below 80%
A -> G, 4, 1041221, 1041221, below 80%
C -> T, 4, 1042688, 1042688, below 80%
T -> C, 4, 1042626, 1042626, below 80%
A -> G, 4, 1041250, 1041250, below 80%
A -> C, 4, 1041248, 1041248, below 80%
T -> C, 4, 1041243, 1041243, below 80%
G -> T, 4, 1041254, 1041254, below 80%
A -> G, 4, 1041255, 1041255, below 80%
C -> T, 4, 1042327, 1042327, below 80%
A -> T, 4, 90576, 90576, below 80%
C -> T, 4, 1041199, 1041199, below 80%
C -> T, 4, 1043350, 1043350, below 80%
C -> T, 4, 90580, 90580, below 80%
T -> G, 4, 96759, 96759, below 80%
A -> C, 4, 1043520, 1043520, below 80%
C -> T, 4, 96770, 96770, below 80%
A -> T, 4, 96766, 96766, below 80%
T -> G, 4, 90569, 90569, below 80%
A -> T, 4, 1041310, 1041310, below 80%
T -> C, 4, 1043316, 1043316, below 80%
A -> C, 4, 1042279, 1042279, below 80%
A -> G, 4, 1042712, 1042712, below 80%
T -> C, 4, 106736, 106736, below 80%
T -> C, 4, 106675, 106675, below 80%
C -> G, 4, 106678, 106678, below 80%
A -> G, 4, 1041474, 1041474, below 80%
T -> C, 4, 106663, 106663, below 80%
T -> C, 4, 1041179, 1041179, below 80%
T -> C, 4, 442002, 442002, below 80%
A -> G, 4, 1041324, 1041324, below 80%
T -> C, 4, 438901, 438901, below 80%
C -> T, 4, 1042298, 1042298, below 80%
A -> C, 4, 1042364, 1042364, below 80%
G -> T, 4, 106760, 106760, below 80%
A -> G, 4, 1041605, 1041605, below 80%
T -> A, 4, 1042713, 1042713, below 80%
G -> A, 4, 106779, 106779, below 80%
C -> T, 4, 1043504, 1043504, below 80%
C -> A, 4, 1043598, 1043598, below 80%
A -> G, 5, 346292, 346292, SNP in common
A -> C, 5, 346293, 346293, SNP in common
C -> G, 5, 346296, 346296, SNP in common
T -> C, 5, 348225, 348225, SNP in common
C -> T, 5, 342508, 342508, SNP in common
A -> G, 5, 348241, 348241, SNP in common
G -> A, 5, 346299, 346299, SNP in common
A -> G, 5, 344488, 344488, SNP in common
C -> T, 5, 70369, 70369, SNP in common
A -> G, 5, 348240, 348240, SNP in common
T -> G, 5, 339921, 339921, SNP in common
C -> T, 5, 70462, 70462, SNP in common
A -> C, 5, 344489, 344489, SNP in common
C -> T, 5, 339964, 339964, SNP in common
C -> G, 5, 344492, 344492, SNP in common
T -> C, 5, 348224, 348224, SNP in common
C -> T, 5, 348249, 348249, SNP in common
T -> C, 5, 70312, 70312, SNP in common
C -> T, 5, 70315, 70315, SNP in common
A -> G, 5, 335476, 335476, SNP in common
C -> T, 5, 339945, 339945, SNP in common
A -> T, 5, 342664, 342664, SNP in common
G -> C, 5, 342637, 342637, SNP in common
C -> T, 5, 348227, 348227, SNP in common
C -> T, 5, 338526, 338526, SNP in common
G -> A, 5, 344495, 344495, SNP in common
C -> T, 5, 70334, 70334, SNP in common
A -> G, 5, 339927, 339927, SNP in common
C -> T, 5, 70450, 70450, SNP in common
G -> T, 5, 349452, 349452, SNP in common
C -> T, 5, 335549, 335549, below 80%
C -> G, 5, 335583, 335583, below 80%
T -> G, 5, 42639, 42639, below 80%
C -> A, 5, 32974, 32974, below 80%
A -> T, 5, 42647, 42647, below 80%
T -> G, 5, 335597, 335597, below 80%
C -> G, 5, 335603, 335603, below 80%
A -> T, 5, 38646, 38646, below 80%
T -> G, 5, 39126, 39126, below 80%
G -> T, 5, 32872, 32872, below 80%
T -> A, 5, 38643, 38643, below 80%
T -> A, 5, 28401, 28401, below 80%
T -> A, 5, 32936, 32936, below 80%
T -> A, 5, 42352, 42352, below 80%
T -> G, 5, 32932, 32932, below 80%
A -> T, 5, 32979, 32979, below 80%
T -> A, 5, 32980, 32980, below 80%
A -> T, 5, 42290, 42290, below 80%