Change, Chromosome, Minimum, Maximum, Reason Discarded
T -> C, 1, 1762188, 1762188, SNP in common
T -> A, 1, 113855, 113855, SNP in common
T -> C, 1, 113883, 113883, SNP in common
T -> C, 1, 1770891, 1770891, below 80%
G -> A, 1, 1770895, 1770895, below 80%
G -> A, 1, 1770887, 1770887, below 80%
A -> T, 1, 1770867, 1770867, below 80%
A -> G, 1, 1762339, 1762339, below 80%
A -> G, 2, 1587081, 1587081, below 80%
C -> T, 2, 1576292, 1576292, below 80%
C -> T, 2, 1576310, 1576310, below 80%
A -> T, 2, 1576517, 1576517, below 80%
T -> C, 2, 1576248, 1576248, below 80%
G -> A, 2, 4290, 4290, below 80%
G -> T, 2, 17555, 17555, below 80%
A -> G, 2, 17556, 17556, below 80%
A -> G, 2, 1576334, 1576334, below 80%
A -> G, 2, 1580330, 1580330, below 80%
A -> T, 2, 1587141, 1587141, below 80%
C -> A, 2, 1576550, 1576550, below 80%
G -> C, 2, 18601, 18601, below 80%
T -> C, 3, 16021, 16021, SNP in common
G -> C, 3, 1348208, 1348208, SNP in common
G -> A, 3, 1348209, 1348209, SNP in common
T -> A, 3, 1301061, 1301061, SNP in common
A -> T, 3, 1293866, 1293866, SNP in common
T -> A, 3, 1281449, 1281449, SNP in common
A -> C, 3, 1300552, 1300552, SNP in common
C -> T, 3, 1271484, 1271484, SNP in common
C -> T, 3, 1302597, 1302597, below 80%
A -> T, 3, 1302503, 1302503, below 80%
T -> A, 3, 1281438, 1281438, below 80%
A -> C, 3, 1279996, 1279996, below 80%
A -> T, 3, 1302715, 1302715, below 80%
T -> A, 3, 1281460, 1281460, below 80%
G -> C, 3, 1297156, 1297156, below 80%
A -> G, 3, 1302647, 1302647, below 80%
C -> T, 3, 1297216, 1297216, below 80%
A -> T, 3, 1297113, 1297113, below 80%
A -> C, 3, 1303445, 1303445, below 80%
A -> T, 3, 1301209, 1301209, below 80%
C -> T, 3, 1297140, 1297140, below 80%
A -> C, 3, 1296897, 1296897, below 80%
A -> T, 3, 1300488, 1300488, below 80%
A -> T, 3, 1293686, 1293686, below 80%
A -> C, 3, 1297132, 1297132, below 80%
C -> T, 3, 1277323, 1277323, below 80%
A -> T, 3, 1269240, 1269240, below 80%
T -> C, 3, 1302661, 1302661, below 80%
A -> C, 3, 1282921, 1282921, below 80%
C -> T, 3, 1270621, 1270621, below 80%
C -> T, 3, 1281806, 1281806, below 80%
C -> T, 3, 1300560, 1300560, below 80%
G -> C, 3, 1271100, 1271100, below 80%
A -> T, 3, 1281094, 1281094, below 80%
C -> T, 3, 1278820, 1278820, below 80%
C -> T, 3, 1297095, 1297095, below 80%
A -> T, 3, 1293720, 1293720, below 80%
C -> T, 3, 1271149, 1271149, below 80%
A -> C, 3, 1300191, 1300191, below 80%
A -> C, 3, 1305758, 1305758, below 80%
C -> T, 3, 1305248, 1305248, below 80%
A -> T, 3, 1277274, 1277274, below 80%
C -> T, 3, 1293713, 1293713, below 80%
A -> T, 3, 1270650, 1270650, below 80%
A -> C, 3, 1264920, 1264920, below 80%
C -> A, 3, 1270117, 1270117, below 80%
A -> T, 3, 1271012, 1271012, below 80%
C -> T, 3, 1279961, 1279961, below 80%
C -> T, 3, 1271342, 1271342, below 80%
C -> T, 3, 1279980, 1279980, below 80%
A -> G, 3, 1298029, 1298029, below 80%
C -> T, 3, 1283036, 1283036, below 80%
T -> C, 3, 1272830, 1272830, below 80%
A -> C, 3, 1278134, 1278134, below 80%
A -> C, 3, 1293795, 1293795, below 80%
C -> T, 3, 1303167, 1303167, below 80%
G -> C, 3, 1277394, 1277394, below 80%
C -> T, 3, 1283062, 1283062, below 80%
C -> T, 3, 1270215, 1270215, below 80%
C -> T, 3, 1303230, 1303230, below 80%
A -> T, 3, 1278706, 1278706, below 80%
A -> T, 3, 1298088, 1298088, below 80%
C -> G, 3, 1293907, 1293907, below 80%
C -> T, 3, 1285193, 1285193, below 80%
A -> T, 3, 1275613, 1275613, below 80%
C -> T, 3, 1280060, 1280060, below 80%
C -> A, 3, 1283530, 1283530, below 80%
C -> A, 3, 1302634, 1302634, below 80%
G -> T, 3, 1278397, 1278397, below 80%
G -> C, 3, 1285299, 1285299, below 80%
C -> T, 3, 1305182, 1305182, below 80%
A -> T, 3, 1271584, 1271584, below 80%
A -> G, 3, 1280542, 1280542, below 80%
A -> G, 3, 1270563, 1270563, below 80%
A -> C, 3, 1297366, 1297366, below 80%
A -> T, 3, 1281790, 1281790, below 80%
A -> T, 3, 1272458, 1272458, below 80%
A -> G, 3, 1274944, 1274944, below 80%
G -> A, 3, 662587, 662587, below 80%
C -> T, 3, 1269497, 1269497, below 80%
T -> A, 3, 1270103, 1270103, below 80%
C -> T, 3, 1277299, 1277299, below 80%
A -> C, 3, 1282568, 1282568, below 80%
G -> T, 3, 1296268, 1296268, below 80%
C -> T, 3, 1282587, 1282587, below 80%
T -> C, 3, 1297196, 1297196, below 80%
A -> T, 3, 1269148, 1269148, below 80%
A -> G, 3, 1275355, 1275355, below 80%
G -> T, 3, 1271491, 1271491, below 80%
A -> G, 3, 1296265, 1296265, below 80%
C -> T, 3, 1306082, 1306082, below 80%
G -> A, 3, 1279252, 1279252, below 80%
A -> T, 3, 1278115, 1278115, below 80%
C -> T, 3, 1272026, 1272026, below 80%
C -> T, 3, 1264794, 1264794, below 80%
C -> A, 3, 1293919, 1293919, below 80%
T -> A, 3, 1297991, 1297991, below 80%
T -> C, 3, 1298000, 1298000, below 80%
A -> C, 3, 1264875, 1264875, below 80%
C -> T, 3, 1271511, 1271511, below 80%
C -> T, 3, 1283504, 1283504, below 80%
T -> A, 3, 1270244, 1270244, below 80%
C -> T, 3, 1281735, 1281735, below 80%
A -> T, 3, 1272068, 1272068, below 80%
T -> A, 3, 1269145, 1269145, below 80%
A -> C, 3, 1271121, 1271121, below 80%
C -> T, 3, 1277211, 1277211, below 80%
C -> T, 3, 1282531, 1282531, below 80%
A -> T, 3, 1306055, 1306055, below 80%
T -> A, 3, 1278112, 1278112, below 80%
G -> C, 3, 1281922, 1281922, below 80%
C -> T, 3, 1271362, 1271362, below 80%
C -> T, 3, 1302796, 1302796, below 80%
T -> A, 3, 1280033, 1280033, below 80%
G -> A, 3, 1270101, 1270101, below 80%
A -> C, 3, 1277315, 1277315, below 80%
C -> T, 3, 1269457, 1269457, below 80%
T -> C, 3, 1280078, 1280078, below 80%
A -> T, 3, 1231774, 1231774, below 80%
A -> C, 3, 1264686, 1264686, below 80%
C -> T, 3, 1282994, 1282994, below 80%
T -> A, 3, 1283046, 1283046, below 80%
G -> C, 3, 1297752, 1297752, below 80%
A -> G, 3, 1293930, 1293930, below 80%
A -> G, 3, 1293570, 1293570, below 80%
G -> C, 3, 1265234, 1265234, below 80%
C -> T, 3, 1301168, 1301168, below 80%
T -> A, 3, 1265239, 1265239, below 80%
C -> T, 3, 1303143, 1303143, below 80%
C -> A, 3, 1303159, 1303159, below 80%
C -> T, 3, 1303239, 1303239, below 80%
G -> A, 3, 1265236, 1265236, below 80%
A -> T, 3, 1265237, 1265237, below 80%
G -> C, 3, 1271572, 1271572, below 80%
G -> T, 3, 1276091, 1276091, below 80%
T -> C, 3, 1297115, 1297115, below 80%
G -> C, 3, 1270231, 1270231, below 80%
A -> T, 3, 1270100, 1270100, below 80%
C -> T, 3, 1282621, 1282621, below 80%
A -> C, 3, 1282966, 1282966, below 80%
A -> T, 3, 1297314, 1297314, below 80%
A -> C, 3, 1297773, 1297773, below 80%
A -> C, 3, 1265238, 1265238, below 80%
C -> A, 3, 1281854, 1281854, below 80%
A -> T, 3, 1302536, 1302536, below 80%
A -> T, 3, 1302453, 1302453, below 80%
T -> A, 3, 1298081, 1298081, below 80%
A -> T, 3, 1281493, 1281493, below 80%
A -> T, 3, 1281934, 1281934, below 80%
A -> T, 3, 1277253, 1277253, below 80%
A -> G, 3, 1293932, 1293932, below 80%
A -> C, 3, 1270252, 1270252, below 80%
T -> C, 3, 1293287, 1293287, below 80%
C -> A, 3, 1293874, 1293874, below 80%
C -> T, 3, 1293907, 1293907, below 80%
T -> C, 3, 1297260, 1297260, below 80%
A -> T, 3, 1275602, 1275602, below 80%
T -> A, 3, 1297705, 1297705, below 80%
T -> A, 3, 1265241, 1265241, below 80%
T -> C, 3, 1302731, 1302731, below 80%
T -> C, 3, 1269506, 1269506, below 80%
A -> T, 3, 1269251, 1269251, below 80%
T -> A, 3, 1293933, 1293933, below 80%
A -> T, 4, 80832, 80832, SNP in common
G -> C, 4, 1043277, 1043277, SNP in common
C -> T, 4, 1042327, 1042327, below 80%
C -> T, 4, 1042298, 1042298, below 80%
C -> T, 4, 1043350, 1043350, below 80%
A -> C, 4, 1042234, 1042234, below 80%
A -> C, 4, 1042364, 1042364, below 80%
A -> C, 4, 1042279, 1042279, below 80%
T -> C, 4, 1042262, 1042262, below 80%
T -> C, 4, 1042218, 1042218, below 80%
A -> T, 4, 1043250, 1043250, below 80%
T -> C, 4, 1043316, 1043316, below 80%
T -> C, 4, 1042347, 1042347, below 80%
C -> A, 4, 1043253, 1043253, below 80%
T -> C, 4, 1042287, 1042287, below 80%
T -> C, 4, 1043305, 1043305, below 80%
T -> A, 4, 1043379, 1043379, below 80%
T -> C, 5, 348224, 348224, SNP in common
C -> T, 5, 348227, 348227, SNP in common
A -> G, 5, 50483, 50483, below 80%
T -> G, 5, 50402, 50402, below 80%
T -> G, 5, 50535, 50535, below 80%
T -> A, 5, 26952, 26952, below 80%
A -> T, 5, 50428, 50428, below 80%
A -> T, 5, 22028, 22028, below 80%